referencia,codigo,descricao do item,c.d.,c.e.,largura,altura,peso aproximado,material,unidade
AX15,CIVDHR127B0015,CORREIA INDUSTRIAL H-RENKE EM V SUPERPOWER AX-15,16,17,13,8,0,03,borracha,peça
AX16,CIVDHR127B0016,CORREIA INDUSTRIAL H-RENKE EM V SUPERPOWER AX-16,17,18,13,8,0,032,borracha,peça
AX17,CIVDHR127B0017,CORREIA INDUSTRIAL H-RENKE EM V SUPERPOWER AX-17,18,19,13,8,0,034,borracha,peça
AX18,CIVDHR127B0018,CORREIA INDUSTRIAL H-RENKE EM V SUPERPOWER AX-18,19,20,13,8,0,036,borracha,peça
AX19,CIVDHR127B0019,CORREIA INDUSTRIAL H-RENKE EM V SUPERPOWER AX-19,20,21,13,8,0,038,borracha,peça
AX20,CIVDHR127B0020,CORREIA INDUSTRIAL H-RENKE EM V SUPERPOWER AX-20,21,22,13,8,0,039,borracha,peça
AX21,CIVDHR127B0021,CORREIA INDUSTRIAL H-RENKE EM V SUPERPOWER AX-21,22,23,13,8,0,041,borracha,peça
AX22,CIVDHR127B0022,CORREIA INDUSTRIAL H-RENKE EM V SUPERPOWER AX-22,23,24,13,8,0,043,borracha,peça
AX23,CIVDHR127B0023,CORREIA INDUSTRIAL H-RENKE EM V SUPERPOWER AX-23,24,25,13,8,0,045,borracha,peça
AX24,CIVDHR127B0024,CORREIA INDUSTRIAL H-RENKE EM V SUPERPOWER AX-24,25,26,13,8,0,047,borracha,peça
AX25,CIVDHR127B0025,CORREIA INDUSTRIAL H-RENKE EM V SUPERPOWER AX-25,26,27,13,8,0,049,borracha,peça
AX26,CIVDHR127B0026,CORREIA INDUSTRIAL H-RENKE EM V SUPERPOWER AX-26,27,28,13,8,0,051,borracha,peça
AX27,CIVDHR127B0027,CORREIA INDUSTRIAL H-RENKE EM V SUPERPOWER AX-27,28,29,13,8,0,053,borracha,peça
AX28,CIVDHR127B0028,CORREIA INDUSTRIAL H-RENKE EM V SUPERPOWER AX-28,29,30,13,8,0,055,borracha,peça
AX29,CIVDHR127B0029,CORREIA INDUSTRIAL H-RENKE EM V SUPERPOWER AX-29,30,31,13,8,0,056,borracha,peça
AX30,CIVDHR127B0030,CORREIA INDUSTRIAL H-RENKE EM V SUPERPOWER AX-30,31,32,13,8,0,058,borracha,peça
AX31,CIVDHR127B0031,CORREIA INDUSTRIAL H-RENKE EM V SUPERPOWER AX-31,32,33,13,8,0,06,borracha,peça
AX32,CIVDHR127B0032,CORREIA INDUSTRIAL H-RENKE EM V SUPERPOWER AX-32,33,34,13,8,0,062,borracha,peça
AX33,CIVDHR127B0033,CORREIA INDUSTRIAL H-RENKE EM V SUPERPOWER AX-33,34,35,13,8,0,064,borracha,peça
AX34,CIVDHR127B0034,CORREIA INDUSTRIAL H-RENKE EM V SUPERPOWER AX-34,35,36,13,8,0,066,borracha,peça
AX35,CIVDHR127B0035,CORREIA INDUSTRIAL H-RENKE EM V SUPERPOWER AX-35,36,37,13,8,0,068,borracha,peça
AX36,CIVDHR127B0036,CORREIA INDUSTRIAL H-RENKE EM V SUPERPOWER AX-36,37,38,13,8,0,07,borracha,peça
AX37,CIVDHR127B0037,CORREIA INDUSTRIAL H-RENKE EM V SUPERPOWER AX-37,38,39,13,8,0,071,borracha,peça
AX38,CIVDHR127B0038,CORREIA INDUSTRIAL H-RENKE EM V SUPERPOWER AX-38,39,40,13,8,0,073,borracha,peça
AX39,CIVDHR127B0039,CORREIA INDUSTRIAL H-RENKE EM V SUPERPOWER AX-39,40,41,13,8,0,075,borracha,peça
AX40,CIVDHR127B0040,CORREIA INDUSTRIAL H-RENKE EM V SUPERPOWER AX-40,41,42,13,8,0,077,borracha,peça
AX41,CIVDHR127B0041,CORREIA INDUSTRIAL H-RENKE EM V SUPERPOWER AX-41,42,43,13,8,0,079,borracha,peça
AX42,CIVDHR127B0042,CORREIA INDUSTRIAL H-RENKE EM V SUPERPOWER AX-42,43,44,13,8,0,081,borracha,peça
AX43,CIVDHR127B0043,CORREIA INDUSTRIAL H-RENKE EM V SUPERPOWER AX-43,44,45,13,8,0,083,borracha,peça
AX44,CIVDHR127B0044,CORREIA INDUSTRIAL H-RENKE EM V SUPERPOWER AX-44,45,46,13,8,0,085,borracha,peça
AX45,CIVDHR127B0045,CORREIA INDUSTRIAL H-RENKE EM V SUPERPOWER AX-45,46,47,13,8,0,086,borracha,peça
AX46,CIVDHR127B0046,CORREIA INDUSTRIAL H-RENKE EM V SUPERPOWER AX-46,47,48,13,8,0,088,borracha,peça
AX47,CIVDHR127B0047,CORREIA INDUSTRIAL H-RENKE EM V SUPERPOWER AX-47,48,49,13,8,0,09,borracha,peça
AX48,CIVDHR127B0048,CORREIA INDUSTRIAL H-RENKE EM V SUPERPOWER AX-48,49,50,13,8,0,092,borracha,peça
AX49,CIVDHR127B0049,CORREIA INDUSTRIAL H-RENKE EM V SUPERPOWER AX-49,50,51,13,8,0,094,borracha,peça
AX50,CIVDHR127B0050,CORREIA INDUSTRIAL H-RENKE EM V SUPERPOWER AX-50,51,52,13,8,0,096,borracha,peça
AX51,CIVDHR127B0051,CORREIA INDUSTRIAL H-RENKE EM V SUPERPOWER AX-51,52,53,13,8,0,098,borracha,peça
AX52,CIVDHR127B0052,CORREIA INDUSTRIAL H-RENKE EM V SUPERPOWER AX-52,53,54,13,8,0,1,borracha,peça
AX53,CIVDHR127B0053,CORREIA INDUSTRIAL H-RENKE EM V SUPERPOWER AX-53,54,55,13,8,0,101,borracha,peça
AX54,CIVDHR127B0054,CORREIA INDUSTRIAL H-RENKE EM V SUPERPOWER AX-54,55,56,13,8,0,103,borracha,peça
AX55,CIVDHR127B0055,CORREIA INDUSTRIAL H-RENKE EM V SUPERPOWER AX-55,56,57,13,8,0,105,borracha,peça
AX56,CIVDHR127B0056,CORREIA INDUSTRIAL H-RENKE EM V SUPERPOWER AX-56,57,58,13,8,0,107,borracha,peça
AX57,CIVDHR127B0057,CORREIA INDUSTRIAL H-RENKE EM V SUPERPOWER AX-57,58,59,13,8,0,109,borracha,peça
AX58,CIVDHR127B0058,CORREIA INDUSTRIAL H-RENKE EM V SUPERPOWER AX-58,59,60,13,8,0,111,borracha,peça
AX59,CIVDHR127B0059,CORREIA INDUSTRIAL H-RENKE EM V SUPERPOWER AX-59,60,61,13,8,0,113,borracha,peça
AX60,CIVDHR127B0060,CORREIA INDUSTRIAL H-RENKE EM V SUPERPOWER AX-60,61,62,13,8,0,115,borracha,peça
AX61,CIVDHR127B0061,CORREIA INDUSTRIAL H-RENKE EM V SUPERPOWER AX-61,62,63,13,8,0,117,borracha,peça
AX62,CIVDHR127B0062,CORREIA INDUSTRIAL H-RENKE EM V SUPERPOWER AX-62,63,64,13,8,0,118,borracha,peça
AX63,CIVDHR127B0063,CORREIA INDUSTRIAL H-RENKE EM V SUPERPOWER AX-63,64,65,13,8,0,12,borracha,peça
AX64,CIVDHR127B0064,CORREIA INDUSTRIAL H-RENKE EM V SUPERPOWER AX-64,65,66,13,8,0,122,borracha,peça
AX65,CIVDHR127B0065,CORREIA INDUSTRIAL H-RENKE EM V SUPERPOWER AX-65,66,67,13,8,0,124,borracha,peça
AX66,CIVDHR127B0066,CORREIA INDUSTRIAL H-RENKE EM V SUPERPOWER AX-66,67,68,13,8,0,126,borracha,peça
AX67,CIVDHR127B0067,CORREIA INDUSTRIAL H-RENKE EM V SUPERPOWER AX-67,68,69,13,8,0,128,borracha,peça
AX68,CIVDHR127B0068,CORREIA INDUSTRIAL H-RENKE EM V SUPERPOWER AX-68,69,70,13,8,0,13,borracha,peça
AX69,CIVDHR127B0069,CORREIA INDUSTRIAL H-RENKE EM V SUPERPOWER AX-69,70,71,13,8,0,132,borracha,peça
AX70,CIVDHR127B0070,CORREIA INDUSTRIAL H-RENKE EM V SUPERPOWER AX-70,71,72,13,8,0,133,borracha,peça
AX71,CIVDHR127B0071,CORREIA INDUSTRIAL H-RENKE EM V SUPERPOWER AX-71,72,73,13,8,0,135,borracha,peça
AX72,CIVDHR127B0072,CORREIA INDUSTRIAL H-RENKE EM V SUPERPOWER AX-72,73,74,13,8,0,137,borracha,peça
AX73,CIVDHR127B0073,CORREIA INDUSTRIAL H-RENKE EM V SUPERPOWER AX-73,74,75,13,8,0,139,borracha,peça
AX74,CIVDHR127B0074,CORREIA INDUSTRIAL H-RENKE EM V SUPERPOWER AX-74,75,76,13,8,0,141,borracha,peça
AX75,CIVDHR127B0075,CORREIA INDUSTRIAL H-RENKE EM V SUPERPOWER AX-75,76,77,13,8,0,143,borracha,peça
AX76,CIVDHR127B0076,CORREIA INDUSTRIAL H-RENKE EM V SUPERPOWER AX-76,77,78,13,8,0,145,borracha,peça
AX77,CIVDHR127B0077,CORREIA INDUSTRIAL H-RENKE EM V SUPERPOWER AX-77,78,79,13,8,0,147,borracha,peça
AX78,CIVDHR127B0078,CORREIA INDUSTRIAL H-RENKE EM V SUPERPOWER AX-78,79,80,13,8,0,148,borracha,peça
AX79,CIVDHR127B0079,CORREIA INDUSTRIAL H-RENKE EM V SUPERPOWER AX-79,80,81,13,8,0,15,borracha,peça
AX80,CIVDHR127B0080,CORREIA INDUSTRIAL H-RENKE EM V SUPERPOWER AX-80,81,82,13,8,0,152,borracha,peça
AX81,CIVDHR127B0081,CORREIA INDUSTRIAL H-RENKE EM V SUPERPOWER AX-81,82,83,13,8,0,154,borracha,peça
AX82,CIVDHR127B0082,CORREIA INDUSTRIAL H-RENKE EM V SUPERPOWER AX-82,83,84,13,8,0,156,borracha,peça
AX83,CIVDHR127B0083,CORREIA INDUSTRIAL H-RENKE EM V SUPERPOWER AX-83,84,85,13,8,0,158,borracha,peça
AX84,CIVDHR127B0084,CORREIA INDUSTRIAL H-RENKE EM V SUPERPOWER AX-84,85,86,13,8,0,16,borracha,peça
AX85,CIVDHR127B0085,CORREIA INDUSTRIAL H-RENKE EM V SUPERPOWER AX-85,86,87,13,8,0,162,borracha,peça
AX86,CIVDHR127B0086,CORREIA INDUSTRIAL H-RENKE EM V SUPERPOWER AX-86,87,88,13,8,0,164,borracha,peça
AX87,CIVDHR127B0087,CORREIA INDUSTRIAL H-RENKE EM V SUPERPOWER AX-87,88,89,13,8,0,165,borracha,peça
AX88,CIVDHR127B0088,CORREIA INDUSTRIAL H-RENKE EM V SUPERPOWER AX-88,89,90,13,8,0,167,borracha,peça
AX89,CIVDHR127B0089,CORREIA INDUSTRIAL H-RENKE EM V SUPERPOWER AX-89,90,91,13,8,0,169,borracha,peça
AX90,CIVDHR127B0090,CORREIA INDUSTRIAL H-RENKE EM V SUPERPOWER AX-90,91,92,13,8,0,171,borracha,peça
AX91,CIVDHR127B0091,CORREIA INDUSTRIAL H-RENKE EM V SUPERPOWER AX-91,92,93,13,8,0,173,borracha,peça
AX92,CIVDHR127B0092,CORREIA INDUSTRIAL H-RENKE EM V SUPERPOWER AX-92,93,94,13,8,0,175,borracha,peça
AX93,CIVDHR127B0093,CORREIA INDUSTRIAL H-RENKE EM V SUPERPOWER AX-93,94,95,13,8,0,177,borracha,peça
AX94,CIVDHR127B0094,CORREIA INDUSTRIAL H-RENKE EM V SUPERPOWER AX-94,95,96,13,8,0,179,borracha,peça
AX95,CIVDHR127B0095,CORREIA INDUSTRIAL H-RENKE EM V SUPERPOWER AX-95,96,97,13,8,0,18,borracha,peça
AX96,CIVDHR127B0096,CORREIA INDUSTRIAL H-RENKE EM V SUPERPOWER AX-96,97,98,13,8,0,182,borracha,peça
AX97,CIVDHR127B0097,CORREIA INDUSTRIAL H-RENKE EM V SUPERPOWER AX-97,98,99,13,8,0,184,borracha,peça
AX98,CIVDHR127B0098,CORREIA INDUSTRIAL H-RENKE EM V SUPERPOWER AX-98,99,100,13,8,0,186,borracha,peça
AX99,CIVDHR127B0099,CORREIA INDUSTRIAL H-RENKE EM V SUPERPOWER AX-99,100,101,13,8,0,188,borracha,peça
AX100,CIVDHR127B0100,CORREIA INDUSTRIAL H-RENKE EM V SUPERPOWER AX-100,101,102,13,8,0,19,borracha,peça
AX101,CIVDHR127B0101,CORREIA INDUSTRIAL H-RENKE EM V SUPERPOWER AX-101,102,103,13,8,0,192,borracha,peça
AX102,CIVDHR127B0102,CORREIA INDUSTRIAL H-RENKE EM V SUPERPOWER AX-102,103,104,13,8,0,194,borracha,peça
AX103,CIVDHR127B0103,CORREIA INDUSTRIAL H-RENKE EM V SUPERPOWER AX-103,104,105,13,8,0,195,borracha,peça
AX104,CIVDHR127B0104,CORREIA INDUSTRIAL H-RENKE EM V SUPERPOWER AX-104,105,106,13,8,0,197,borracha,peça
AX105,CIVDHR127B0105,CORREIA INDUSTRIAL H-RENKE EM V SUPERPOWER AX-105,106,107,13,8,0,199,borracha,peça
AX106,CIVDHR127B0106,CORREIA INDUSTRIAL H-RENKE EM V SUPERPOWER AX-106,107,108,13,8,0,201,borracha,peça
AX107,CIVDHR127B0107,CORREIA INDUSTRIAL H-RENKE EM V SUPERPOWER AX-107,108,109,13,8,0,203,borracha,peça
AX108,CIVDHR127B0108,CORREIA INDUSTRIAL H-RENKE EM V SUPERPOWER AX-108,109,110,13,8,0,205,borracha,peça
AX109,CIVDHR127B0109,CORREIA INDUSTRIAL H-RENKE EM V SUPERPOWER AX-109,110,111,13,8,0,207,borracha,peça
AX110,CIVDHR127B0110,CORREIA INDUSTRIAL H-RENKE EM V SUPERPOWER AX-110,111,112,13,8,0,209,borracha,peça
AX111,CIVDHR127B0111,CORREIA INDUSTRIAL H-RENKE EM V SUPERPOWER AX-111,112,113,13,8,0,211,borracha,peça
AX112,CIVDHR127B0112,CORREIA INDUSTRIAL H-RENKE EM V SUPERPOWER AX-112,113,114,13,8,0,212,borracha,peça
AX113,CIVDHR127B0113,CORREIA INDUSTRIAL H-RENKE EM V SUPERPOWER AX-113,114,115,13,8,0,214,borracha,peça
AX114,CIVDHR127B0114,CORREIA INDUSTRIAL H-RENKE EM V SUPERPOWER AX-114,115,116,13,8,0,216,borracha,peça
AX115,CIVDHR127B0115,CORREIA INDUSTRIAL H-RENKE EM V SUPERPOWER AX-115,116,117,13,8,0,218,borracha,peça
AX116,CIVDHR127B0116,CORREIA INDUSTRIAL H-RENKE EM V SUPERPOWER AX-116,117,118,13,8,0,22,borracha,peça
AX117,CIVDHR127B0117,CORREIA INDUSTRIAL H-RENKE EM V SUPERPOWER AX-117,118,119,13,8,0,222,borracha,peça
AX118,CIVDHR127B0118,CORREIA INDUSTRIAL H-RENKE EM V SUPERPOWER AX-118,119,120,13,8,0,224,borracha,peça
AX119,CIVDHR127B0119,CORREIA INDUSTRIAL H-RENKE EM V SUPERPOWER AX-119,120,121,13,8,0,226,borracha,peça
AX120,CIVDHR127B0120,CORREIA INDUSTRIAL H-RENKE EM V SUPERPOWER AX-120,121,122,13,8,0,227,borracha,peça
AX121,CIVDHR127B0121,CORREIA INDUSTRIAL H-RENKE EM V SUPERPOWER AX-121,122,123,13,8,0,229,borracha,peça
AX122,CIVDHR127B0122,CORREIA INDUSTRIAL H-RENKE EM V SUPERPOWER AX-122,123,124,13,8,0,231,borracha,peça
AX123,CIVDHR127B0123,CORREIA INDUSTRIAL H-RENKE EM V SUPERPOWER AX-123,124,125,13,8,0,233,borracha,peça
AX124,CIVDHR127B0124,CORREIA INDUSTRIAL H-RENKE EM V SUPERPOWER AX-124,125,126,13,8,0,235,borracha,peça
AX125,CIVDHR127B0125,CORREIA INDUSTRIAL H-RENKE EM V SUPERPOWER AX-125,126,127,13,8,0,237,borracha,peça
AX126,CIVDHR127B0126,CORREIA INDUSTRIAL H-RENKE EM V SUPERPOWER AX-126,127,128,13,8,0,239,borracha,peça
AX127,CIVDHR127B0127,CORREIA INDUSTRIAL H-RENKE EM V SUPERPOWER AX-127,128,129,13,8,0,241,borracha,peça
AX128,CIVDHR127B0128,CORREIA INDUSTRIAL H-RENKE EM V SUPERPOWER AX-128,129,130,13,8,0,242,borracha,peça
AX129,CIVDHR127B0129,CORREIA INDUSTRIAL H-RENKE EM V SUPERPOWER AX-129,130,131,13,8,0,244,borracha,peça
AX130,CIVDHR127B0130,CORREIA INDUSTRIAL H-RENKE EM V SUPERPOWER AX-130,131,132,13,8,0,246,borracha,peça
AX131,CIVDHR127B0131,CORREIA INDUSTRIAL H-RENKE EM V SUPERPOWER AX-131,132,133,13,8,0,248,borracha,peça
AX132,CIVDHR127B0132,CORREIA INDUSTRIAL H-RENKE EM V SUPERPOWER AX-132,133,134,13,8,0,25,borracha,peça
AX133,CIVDHR127B0133,CORREIA INDUSTRIAL H-RENKE EM V SUPERPOWER AX-133,134,135,13,8,0,252,borracha,peça
AX134,CIVDHR127B0134,CORREIA INDUSTRIAL H-RENKE EM V SUPERPOWER AX-134,135,136,13,8,0,254,borracha,peça
AX135,CIVDHR127B0135,CORREIA INDUSTRIAL H-RENKE EM V SUPERPOWER AX-135,136,137,13,8,0,256,borracha,peça
AX136,CIVDHR127B0136,CORREIA INDUSTRIAL H-RENKE EM V SUPERPOWER AX-136,137,138,13,8,0,258,borracha,peça
AX137,CIVDHR127B0137,CORREIA INDUSTRIAL H-RENKE EM V SUPERPOWER AX-137,138,139,13,8,0,259,borracha,peça
AX138,CIVDHR127B0138,CORREIA INDUSTRIAL H-RENKE EM V SUPERPOWER AX-138,139,140,13,8,0,261,borracha,peça
AX139,CIVDHR127B0139,CORREIA INDUSTRIAL H-RENKE EM V SUPERPOWER AX-139,140,141,13,8,0,263,borracha,peça
AX140,CIVDHR127B0140,CORREIA INDUSTRIAL H-RENKE EM V SUPERPOWER AX-140,141,142,13,8,0,265,borracha,peça
AX141,CIVDHR127B0141,CORREIA INDUSTRIAL H-RENKE EM V SUPERPOWER AX-141,142,143,13,8,0,267,borracha,peça
AX142,CIVDHR127B0142,CORREIA INDUSTRIAL H-RENKE EM V SUPERPOWER AX-142,143,144,13,8,0,269,borracha,peça
AX143,CIVDHR127B0143,CORREIA INDUSTRIAL H-RENKE EM V SUPERPOWER AX-143,144,145,13,8,0,271,borracha,peça
AX144,CIVDHR127B0144,CORREIA INDUSTRIAL H-RENKE EM V SUPERPOWER AX-144,145,146,13,8,0,273,borracha,peça
AX145,CIVDHR127B0145,CORREIA INDUSTRIAL H-RENKE EM V SUPERPOWER AX-145,146,147,13,8,0,274,borracha,peça
AX146,CIVDHR127B0146,CORREIA INDUSTRIAL H-RENKE EM V SUPERPOWER AX-146,147,148,13,8,0,276,borracha,peça
AX147,CIVDHR127B0147,CORREIA INDUSTRIAL H-RENKE EM V SUPERPOWER AX-147,148,149,13,8,0,278,borracha,peça
AX148,CIVDHR127B0148,CORREIA INDUSTRIAL H-RENKE EM V SUPERPOWER AX-148,149,150,13,8,0,28,borracha,peça
AX149,CIVDHR127B0149,CORREIA INDUSTRIAL H-RENKE EM V SUPERPOWER AX-149,150,151,13,8,0,282,borracha,peça
AX150,CIVDHR127B0150,CORREIA INDUSTRIAL H-RENKE EM V SUPERPOWER AX-150,151,152,13,8,0,284,borracha,peça
AX151,CIVDHR127B0151,CORREIA INDUSTRIAL H-RENKE EM V SUPERPOWER AX-151,152,153,13,8,0,286,borracha,peça
AX152,CIVDHR127B0152,CORREIA INDUSTRIAL H-RENKE EM V SUPERPOWER AX-152,153,154,13,8,0,288,borracha,peça
AX153,CIVDHR127B0153,CORREIA INDUSTRIAL H-RENKE EM V SUPERPOWER AX-153,154,155,13,8,0,289,borracha,peça
AX154,CIVDHR127B0154,CORREIA INDUSTRIAL H-RENKE EM V SUPERPOWER AX-154,155,156,13,8,0,291,borracha,peça
AX155,CIVDHR127B0155,CORREIA INDUSTRIAL H-RENKE EM V SUPERPOWER AX-155,156,157,13,8,0,293,borracha,peça
AX156,CIVDHR127B0156,CORREIA INDUSTRIAL H-RENKE EM V SUPERPOWER AX-156,157,158,13,8,0,295,borracha,peça
AX157,CIVDHR127B0157,CORREIA INDUSTRIAL H-RENKE EM V SUPERPOWER AX-157,158,159,13,8,0,297,borracha,peça
AX158,CIVDHR127B0158,CORREIA INDUSTRIAL H-RENKE EM V SUPERPOWER AX-158,159,160,13,8,0,299,borracha,peça
AX159,CIVDHR127B0159,CORREIA INDUSTRIAL H-RENKE EM V SUPERPOWER AX-159,160,161,13,8,0,301,borracha,peça
AX160,CIVDHR127B0160,CORREIA INDUSTRIAL H-RENKE EM V SUPERPOWER AX-160,161,162,13,8,0,303,borracha,peça
AX161,CIVDHR127B0161,CORREIA INDUSTRIAL H-RENKE EM V SUPERPOWER AX-161,162,163,13,8,0,304,borracha,peça
AX162,CIVDHR127B0162,CORREIA INDUSTRIAL H-RENKE EM V SUPERPOWER AX-162,163,164,13,8,0,306,borracha,peça
AX163,CIVDHR127B0163,CORREIA INDUSTRIAL H-RENKE EM V SUPERPOWER AX-163,164,165,13,8,0,308,borracha,peça
AX164,CIVDHR127B0164,CORREIA INDUSTRIAL H-RENKE EM V SUPERPOWER AX-164,165,166,13,8,0,31,borracha,peça
AX165,CIVDHR127B0165,CORREIA INDUSTRIAL H-RENKE EM V SUPERPOWER AX-165,166,167,13,8,0,312,borracha,peça
AX166,CIVDHR127B0166,CORREIA INDUSTRIAL H-RENKE EM V SUPERPOWER AX-166,167,168,13,8,0,314,borracha,peça
AX167,CIVDHR127B0167,CORREIA INDUSTRIAL H-RENKE EM V SUPERPOWER AX-167,168,169,13,8,0,316,borracha,peça
AX168,CIVDHR127B0168,CORREIA INDUSTRIAL H-RENKE EM V SUPERPOWER AX-168,169,170,13,8,0,318,borracha,peça
AX169,CIVDHR127B0169,CORREIA INDUSTRIAL H-RENKE EM V SUPERPOWER AX-169,170,171,13,8,0,32,borracha,peça
AX170,CIVDHR127B0170,CORREIA INDUSTRIAL H-RENKE EM V SUPERPOWER AX-170,171,172,13,8,0,321,borracha,peça
AX171,CIVDHR127B0171,CORREIA INDUSTRIAL H-RENKE EM V SUPERPOWER AX-171,172,173,13,8,0,323,borracha,peça
AX172,CIVDHR127B0172,CORREIA INDUSTRIAL H-RENKE EM V SUPERPOWER AX-172,173,174,13,8,0,325,borracha,peça
AX173,CIVDHR127B0173,CORREIA INDUSTRIAL H-RENKE EM V SUPERPOWER AX-173,174,175,13,8,0,327,borracha,peça
AX174,CIVDHR127B0174,CORREIA INDUSTRIAL H-RENKE EM V SUPERPOWER AX-174,175,176,13,8,0,329,borracha,peça
AX175,CIVDHR127B0175,CORREIA INDUSTRIAL H-RENKE EM V SUPERPOWER AX-175,176,177,13,8,0,331,borracha,peça
AX176,CIVDHR127B0176,CORREIA INDUSTRIAL H-RENKE EM V SUPERPOWER AX-176,177,178,13,8,0,333,borracha,peça
AX177,CIVDHR127B0177,CORREIA INDUSTRIAL H-RENKE EM V SUPERPOWER AX-177,178,179,13,8,0,335,borracha,peça
AX178,CIVDHR127B0178,CORREIA INDUSTRIAL H-RENKE EM V SUPERPOWER AX-178,179,180,13,8,0,336,borracha,peça
AX179,CIVDHR127B0179,CORREIA INDUSTRIAL H-RENKE EM V SUPERPOWER AX-179,180,181,13,8,0,338,borracha,peça
AX180,CIVDHR127B0180,CORREIA INDUSTRIAL H-RENKE EM V SUPERPOWER AX-180,181,182,13,8,0,34,borracha,peça
AX181,CIVDHR127B0181,CORREIA INDUSTRIAL H-RENKE EM V SUPERPOWER AX-181,182,183,13,8,0,342,borracha,peça
AX182,CIVDHR127B0182,CORREIA INDUSTRIAL H-RENKE EM V SUPERPOWER AX-182,183,184,13,8,0,344,borracha,peça
AX183,CIVDHR127B0183,CORREIA INDUSTRIAL H-RENKE EM V SUPERPOWER AX-183,184,185,13,8,0,346,borracha,peça
AX184,CIVDHR127B0184,CORREIA INDUSTRIAL H-RENKE EM V SUPERPOWER AX-184,185,186,13,8,0,348,borracha,peça
AX185,CIVDHR127B0185,CORREIA INDUSTRIAL H-RENKE EM V SUPERPOWER AX-185,186,187,13,8,0,35,borracha,peça
AX186,CIVDHR127B0186,CORREIA INDUSTRIAL H-RENKE EM V SUPERPOWER AX-186,187,188,13,8,0,351,borracha,peça
AX187,CIVDHR127B0187,CORREIA INDUSTRIAL H-RENKE EM V SUPERPOWER AX-187,188,189,13,8,0,353,borracha,peça
AX188,CIVDHR127B0188,CORREIA INDUSTRIAL H-RENKE EM V SUPERPOWER AX-188,189,190,13,8,0,355,borracha,peça
AX189,CIVDHR127B0189,CORREIA INDUSTRIAL H-RENKE EM V SUPERPOWER AX-189,190,191,13,8,0,357,borracha,peça
